{
  "assets": [
    {
      "id": 1,
      "assetName": "HP Pavillion 15",
      "assetDescription": "4Gb RAM-500Gb HDD-i5 7th gen",
      "assetCategory": "Laptop",
      "availability": "Available",
      "allottedTo": null
    },
    {
      "id": 2,
      "assetName": "ASUS Vivobook",
      "assetDescription": "8Gb RAM-1Tb HDD-i5 8th gen",
      "availability": "Available",
      "allottedTo": null,
      "assetCategory": "Laptop"
    },
    {
      "id": 3,
      "assetName": "Macbook Pro",
      "assetDescription": "8Gb RAM-512Gb SSD-i7 9th gen",
      "availability": "Not Available",
      "allottedTo": {
        "employeeId": 10004,
        "employeeName": "Sudhanshu Rajpal",
        "username": "sudhanshu.rajpal",
        "employeeDepartment": "Java",
        "employeeDesignation": "Employee"
      },
      "assetCategory": "Laptop"
    },
    {
      "id": 4,
      "assetName": "Hp Deskjet",
      "assetDescription": "Laser Color Printer",
      "availability": "Not Available",
      "assetCategory": "Printer",
      "allottedTo": {
        "employeeId": 10006,
        "employeeName": "Ghanta Surya Bhagavan ",
        "username": "g.surya.bhagavan",
        "employeeDepartment": "Java",
        "employeeDesignation": "Employee"
      }
    },
    {
      "id": 5,
      "assetName": "Cannon MG2570S",
      "assetDescription": "Inkjet Color Printer",
      "availability": "Not Available",
      "allottedTo": {
        "employeeId": 10005,
        "employeeName": "Sahil Singla",
        "username": "sahil.singla",
        "employeeDepartment": "Finance",
        "employeeDesignation": "Employee"
      },
      "assetCategory": "Printer"
    },
    {
      "id": 6,
      "assetName": "Epson Ecotank",
      "assetDescription": "Laser Color printer with scanner",
      "availability": "Available",
      "allottedTo": null,
      "assetCategory": "Printer"
    },
    {
      "id": 7,
      "assetName": "D-Link DIR-615",
      "assetDescription": "Wireless Router-150 Mbps",
      "availability": "Available",
      "allottedTo": null,
      "assetCategory": "Router"
    },
    {
      "id": 8,
      "assetName": "Tp-Link Archer C6",
      "assetDescription": "Wireless Dual Band Router-450 Mbps",
      "availability": "Not Available",
      "allottedTo": {
        "employeeId": 10006,
        "employeeName": "Ghanta Surya Bhagavan ",
        "username": "g.surya.bhagavan",
        "employeeDepartment": "Java",
        "employeeDesignation": "Employee"
      },
      "assetCategory": "Router"
    },
    {
      "id": 9,
      "assetName": "Cisco CVR100W",
      "assetDescription": "Wireless Router-100 Mbps",
      "availability": "Available",
      "allottedTo": null,
      "assetCategory": "Router"
    }
  ],
  "credentials": [
    {
      "username": "harimani",
      "password": "password",
      "designation": "Employee"
    },
    {
      "username": "aananthakrishnan",
      "password": "rootmanager",
      "designation": "Manager"
    },
    {
      "username": "rajatsareen",
      "password": "systemAdmin",
      "designation": "Admin"
    }
  ],
  "requests": [
    {
      "id": 1,
      "fromDate": "2020-04-03",
      "toDate": "2020-05-31",
      "requestedBy": {
        "employeeId": 10002,
        "employeeName": "Aanantha Krishnan",
        "username": "aananthakrishnan",
        "employeeDepartment": "Java",
        "employeeDesignation": "Manager"
      },
      "requestedFor": {
        "employeeId": 10001,
        "employeeName": "Hari Mani",
        "username": "harimani",
        "employeeDepartment": "Java",
        "employeeDesignation": "Employee"
      },
      "status": "Approved",
      "requestedAsset": {
        "id": 1,
        "assetName": "HP Pavillion",
        "assetDescription": "4Gb RAM-500Gb HDD-i5 7th gen",
        "availability": "Available",
        "allottedTo": null,
        "assetCategory": "Laptop"
      }
    },
    {
      "id": 2,
      "fromDate": "2020-04-03",
      "toDate": "2020-05-31",
      "requestedBy": {
        "employeeId": 10002,
        "employeeName": "Aanantha Krishnan",
        "username": "aananthakrishnan",
        "employeeDepartment": "Java",
        "employeeDesignation": "Manager"
      },
      "requestedFor": {
        "employeeId": 10006,
        "employeeName": "Ghanta Surya Bhagavan ",
        "username": "g.surya.bhagavan",
        "employeeDepartment": "Java",
        "employeeDesignation": "Employee"
      },
      "status": "Approved",
      "requestedAsset": {
        "id": 4,
        "assetName": "Hp Deskjet",
        "assetDescription": "Laser Color Printer",
        "availability": "Not Available",
        "allottedTo": {
          "employeeId": 10006,
          "employeeName": "Ghanta Surya Bhagavan ",
          "username": "g.surya.bhagavan",
          "employeeDepartment": "Java",
          "employeeDesignation": "Employee"
        },
        "assetCategory": "Printer"
      }
    },
    {
      "id": 3,
      "fromDate": "2020-04-03",
      "toDate": "2020-05-31",
      "requestedBy": {
        "employeeId": 10002,
        "employeeName": "Aanantha Krishnan",
        "username": "aananthakrishnan",
        "employeeDepartment": "Java",
        "employeeDesignation": "Manager"
      },
      "requestedFor": {
        "employeeId": 10004,
        "employeeName": "Sudhanshu Rajpal",
        "username": "sudhanshu.rajpal",
        "employeeDepartment": "Java",
        "employeeDesignation": "Employee"
      },
      "status": "Rejected",
      "requestedAsset": {
        "id": 8,
        "assetName": "Tp-Link Archer C6",
        "assetDescription": "Wireless Dual Band Router-450 Mbps",
        "availability": "Not Available",
        "allottedTo": {
          "employeeId": 10006,
          "employeeName": "Ghanta Surya Bhagavan ",
          "username": "g.surya.bhagavan",
          "employeeDepartment": "Java",
          "employeeDesignation": "Employee"
        },
        "assetCategory": "Router"
      }
    }
  ],
  "employees": [
    {
      "employeeId": 10001,
      "employeeName": "Hari Mani",
      "username": "harimani",
      "employeeDepartment": "Java",
      "employeeDesignation": "Employee"
    },
    {
      "employeeId": 10002,
      "employeeName": "Aanantha Krishnan",
      "username": "aananthakrishnan",
      "employeeDepartment": "Java",
      "employeeDesignation": "Manager"
    },
    {
      "employeeId": 10003,
      "employeeName": "Rajat Sareen",
      "username": "rajatsareen",
      "employeeDepartment": "Admin",
      "employeeDesignation": "Admin"
    },
    {
      "employeeId": 10004,
      "employeeName": "Sudhanshu Rajpal",
      "username": "sudhanshu.rajpal",
      "employeeDepartment": "Java",
      "employeeDesignation": "Employee"
    },
    {
      "employeeId": 10005,
      "employeeName": "Sahil Singla",
      "username": "sahil.singla",
      "employeeDepartment": "Finance",
      "employeeDesignation": "Employee"
    },
    {
      "employeeId": 10006,
      "employeeName": "Ghanta Surya Bhagavan ",
      "username": "g.surya.bhagavan",
      "employeeDepartment": "Java",
      "employeeDesignation": "Employee"
    }
  ]
}