{
  "employee": [
    {
      "id": 1,
      "empName": "Sahil",
      "empId": 1,
      "empSalary": 18000,
      "deptId": 2,
      "dateofbirth": "1997-06-25",
      "contactNumber": "8837636225",
      "managerId": 1,
      "numOfLeaves": 22,
      "designation": "manager"
    },
    {
      "id": 2,
      "empName": "chandu",
      "empId": 2,
      "empSalary": 18000,
      "deptId": 1,
      "dateofbirth": "1998-09-25",
      "contactNumber": "1234567891",
      "managerId": 1,
      "numOfLeaves": 22,
      "designation": "employee"
    },
    {
      "id": 3,
      "empName": "adarsha",
      "empId": 3,
      "empSalary": 18000,
      "deptId": 2,
      "dateofbirth": "1998-01-07",
      "contactNumber": "8765432134",
      "managerId": 2,
      "numOfLeaves": 22,
      "designation": "admin"
    },
    {
      "id": 4,
      "empName": "amit",
      "empId": 4,
      "empSalary": 20000,
      "deptId": 2,
      "dateofbirth": "1998-04-02",
      "contactNumber": "8978675643",
      "managerId": 1,
      "numOfLeaves": 22,
      "designation": "employee"
    },
    {
      "id": 5,
      "empName": "dheeraj",
      "empId": 5,
      "empSalary": 40000,
      "deptId": 1,
      "dateofbirth": "1999-01-31",
      "contactNumber": "9999999999",
      "managerId": 1,
      "numOfLeaves": 22,
      "designation": "employee"
    },
    {
      "id": 6,
      "empName": "phani",
      "empId": 6,
      "empSalary": 50000,
      "deptId": 12,
      "dateofbirth": "2020-04-12",
      "contactNumber": 9292202424,
      "managerId": 1,
      "numOfLeaves": 22,
      "designation": "employee"
    }
  ],
  "leave": [
    {
      "id": 1,
      "leaveId": 1,
      "fromDate": "2020-04-24",
      "toDate": "2020-04-28",
      "appliedDate": "2020-04-01",
      "empId": 2,
      "managerId": 1,
      "reason": "FamilyTrip",
      "status": "pending"
    },
    {
      "id": 2,
      "leaveId": 2,
      "fromDate": "2020-04-24",
      "toDate": "2020-04-28",
      "appliedDate": "2020-04-01",
      "empId": 4,
      "managerId": 1,
      "reason": "Marriage",
      "status": "pending"
    },
    {
      "id": 3,
      "leaveId": 3,
      "fromDate": "2020-04-24",
      "toDate": "2020-04-28",
      "appliedDate": "2020-04-01",
      "empId": 5,
      "managerId": 1,
      "reason": "BirthdayParty",
      "status": "pending"
    }
  ],
  "login": [
    {
      "id": 1,
      "userName": "adarsha",
      "loginType": "admin",
      "password": "adarsha",
      "empId": 3
    },
    {
      "id": 2,
      "userName": "Sahil",
      "loginType": "manager",
      "password": "Sahil",
      "empId": 1
    },
    {
      "id": 3,
      "userName": "chandu",
      "loginType": "employee",
      "password": "chandureddy",
      "empId": 2
    },
    {
      "id": 4,
      "userName": "amit",
      "loginType": "employee",
      "password": "amit",
      "empId": 4
    },
    {
      "id": 5,
      "userName": "dheeraj",
      "loginType": "employee",
      "password": "dheeraj",
      "empId": 5
    },
    {
      "id": 6,
      "userName": "phani6",
      "loginType": "employee",
      "password": "phani",
      "empId": 6
    }
  ]
}