[
    {
        "empName":"Sahil",
        "empId":1,
        "empSalary":18000,
        "deptId":2,
        "dateofbirth":"1997-06-25",
        "contactNumber":"8837636225",
        "managerId":1,
        "numOfLeaves":22,
        "designation":"manager"
    },
    {
        "empName":"chandu",
        "empId":2,
        "empSalary":18000,
        "deptId":1,
        "dateofbirth":"1998-09-25",
        "contactNumber":"1234567891",
        "managerId":1,
        "numOfLeaves":22,
        "designation":"employee"
    },
    {
        "empName":"adarsha",
        "empId":3,
        "empSalary":18000,
        "deptId":2,
        "dateofbirth":"1998-01-07",
        "contactNumber":"8765432134",
        "managerId":2,
        "numOfLeaves":22,
        "designation":"admin"
    },
    {
        "empName":"amit",
        "empId":4,
        "empSalary":20000,
        "deptId":2,
        "dateofbirth":"1998-04-02",
        "contactNumber":"8978675643",
        "managerId":1,
        "numOfLeaves":22,
        "designation":"employee"
    },
    {
        "empName":"dheeraj",
        "empId":5,
        "empSalary":40000,
        "deptId":1,
        "dateofbirth":"1999-01-31",
        "contactNumber":"9999999999",
        "managerId":1,
        "numOfLeaves":22,
        "designation":"employee"
    }


]